Order ID,Order Date,CustomerName,State,City
B-26055,10/03/18,Harivansh,Uttar Pradesh,Mathura
B-25993,03/02/18,Madhav,Delhi,Delhi
B-25973,24/01/18,Madan Mohan,Uttar Pradesh,Mathura
B-25923,27/12/18,Gopal,Maharashtra,Mumbai
B-25757,21/08/18,Vishakha,Madhya Pradesh,Indore
B-25967,21/01/18,Sudevi,Uttar Pradesh,Prayagraj
B-25955,16/01/18,Shiva,Maharashtra,Pune
B-26093,27/03/18,Sarita,Maharashtra,Pune
B-25798,01/10/18,Shishu,Andhra Pradesh,Hyderabad
B-25602,01/04/18,Vrinda,Maharashtra,Pune
B-25858,13/11/18,Uudhav,Maharashtra,Mumbai
B-25969,21/01/18,Shreyshi,Gujarat,Surat
B-26099,30/03/18,Bhishm,Maharashtra,Mumbai
B-25997,04/02/18,Yogesh,Maharashtra,Pune
B-25881,25/11/18,Lalita,Uttar Pradesh,Mathura
B-25761,25/08/18,Madhav,Uttar Pradesh,Mathura
B-25887,01/12/18,Vishakha,Uttar Pradesh,Prayagraj
B-25823,18/10/18,Rohan,Maharashtra,Mumbai
B-25853,08/11/18,Gaurav,Gujarat,Ahmedabad
B-25862,15/11/18,Amol,Bihar,Patna
B-25830,26/10/18,Aastha,Himachal Pradesh,Simla
B-25786,19/09/18,Madan Mohan,Uttar Pradesh,Mathura
B-25686,11/06/18,Pooja,Himachal Pradesh,Simla
B-26022,18/02/18,Shrichand,Punjab,Chandigarh
B-26003,08/02/18,Hitesh,Madhya Pradesh,Bhopal
B-25755,19/08/18,Shourya,Kerala ,Thiruvananthapuram
B-25902,10/12/18,Ishpreet,Maharashtra,Mumbai
B-25935,04/01/18,Sudhir,Nagaland,Kohima
B-25797,30/09/18,Sauptik,Madhya Pradesh,Indore
B-25639,27/04/18,Lisha,Madhya Pradesh,Bhopal
B-25681,04/06/18,Bhawna,Madhya Pradesh,Indore
B-25909,13/12/18,Sujay,Maharashtra,Pune
B-25910,14/12/18,Jay,Delhi,Delhi
B-25950,13/01/18,Shruti,Madhya Pradesh,Indore
B-25613,12/04/18,Mohan,Haryana,Chandigarh
B-25919,23/12/18,Neha,Rajasthan,Udaipur
B-25768,01/09/18,Shreyoshe,Karnataka,Bangalore
B-25629,24/04/18,Hemant,Kerala ,Thiruvananthapuram
B-25729,22/07/18,Madhulika,Madhya Pradesh,Bhopal
B-25943,09/01/18,Shardul,Gujarat,Ahmedabad
B-25842,02/11/18,Sheetal,Maharashtra,Pune
B-26073,21/03/18,Pournamasi,Madhya Pradesh,Indore
B-25778,11/09/18,Surabhi,Maharashtra,Mumbai
B-25717,12/07/18,Manshul,Uttar Pradesh,Lucknow
B-26085,26/03/18,Shrichand,Punjab,Chandigarh
B-26048,04/03/18,Parth,Maharashtra,Pune
B-25793,24/09/18,Siddharth,Madhya Pradesh,Indore
B-25656,11/05/18,Priyanka,Maharashtra,Pune
B-25608,08/04/18,Aarushi,Tamil Nadu,Chennai
B-25752,14/08/18,Vaibhav,Madhya Pradesh,Indore
B-25779,12/09/18,Savi,Maharashtra,Pune
B-25603,03/04/18,Jahan,Madhya Pradesh,Bhopal
B-26051,07/03/18,Parishi,West Bengal,Kolkata
B-25653,08/05/18,Farah,Nagaland,Kohima
B-25855,08/11/18,Abhijeet,Madhya Pradesh,Bhopal
B-25762,26/08/18,Anudeep,Madhya Pradesh,Indore
B-25995,04/02/18,Yohann,Delhi,Delhi
B-25929,02/01/18,Girase,Kerala ,Thiruvananthapuram
B-26006,09/02/18,Arpita,Karnataka,Bangalore
B-25697,22/06/18,Vijay,Jammu and Kashmir,Kashmir
B-25836,29/10/18,Arti,Maharashtra,Pune
B-25601,01/04/18,Bharat,Gujarat,Ahmedabad
B-25873,23/11/18,Divyeta,Madhya Pradesh,Indore
B-26028,20/02/18,Manju,Andhra Pradesh,Hyderabad
B-25964,20/01/18,Oshin,Maharashtra,Pune
B-25676,01/06/18,Chandni,Rajasthan,Jaipur
B-25839,30/10/18,Pranjali,West Bengal,Kolkata
B-25894,04/12/18,Monu,Punjab,Amritsar
B-25925,29/12/18,Shruti,Maharashtra,Mumbai
B-25953,14/01/18,Krutika,Andhra Pradesh,Hyderabad
B-25772,02/09/18,Sanjana,Bihar,Patna
B-25957,18/01/18,Mahima,Madhya Pradesh,Indore
B-25730,22/07/18,Rishabh,Rajasthan,Jaipur
B-25877,24/11/18,Dashyam,Gujarat,Surat
B-26067,16/03/18,Tulika,Madhya Pradesh,Bhopal
B-25810,10/10/18,Nripraj,Punjab,Chandigarh
B-25868,18/11/18,Vikash,Goa,Goa
B-26023,19/02/18,Mukesh,Haryana,Chandigarh
B-25626,23/04/18,Bhishm,Maharashtra,Mumbai
B-25937,05/01/18,Ankit,Haryana,Chandigarh
B-25610,09/04/18,Yogesh,Bihar,Patna
B-25777,10/09/18,Aditi,Madhya Pradesh,Indore
B-25738,02/08/18,Ayush,Punjab,Chandigarh
B-25978,27/01/18,Parin,Maharashtra,Mumbai
B-25643,29/04/18,Kirti,Jammu and Kashmir,Kashmir
B-25728,22/07/18,Ameesha,Maharashtra,Pune
B-25749,13/08/18,Ayush,Maharashtra,Mumbai
B-25667,23/05/18,Anjali,Haryana,Chandigarh
B-25657,13/05/18,Tulika,Madhya Pradesh,Bhopal
B-25753,17/08/18,Shivam,Uttar Pradesh,Lucknow
B-26061,14/03/18,Anurag,Madhya Pradesh,Indore
B-25838,29/10/18,Sanjana,Madhya Pradesh,Indore
B-25702,27/06/18,Shaily,Maharashtra,Mumbai
B-25952,13/01/18,Priyanka,Madhya Pradesh,Indore
B-25666,22/05/18,Tanvi,Punjab,Chandigarh
B-25675,31/05/18,Shreya,Madhya Pradesh,Bhopal
B-25650,06/05/18,Chirag,Maharashtra,Mumbai
B-25986,31/01/18,Shweta,Rajasthan,Udaipur
B-25850,05/11/18,Abhishek,Goa,Goa
B-25898,07/12/18,Abhishek,Rajasthan,Udaipur
B-25813,10/10/18,Hrisheekesh,Maharashtra,Mumbai
B-25825,21/10/18,Kartik,Madhya Pradesh,Indore
B-25954,14/01/18,Trupti,Gujarat,Ahmedabad
B-25696,21/06/18,Noopur,Karnataka,Bangalore
B-25638,26/04/18,Parth,Maharashtra,Pune
B-25747,11/08/18,Harsh,Madhya Pradesh,Bhopal
B-25904,10/12/18,Swapnil,Delhi,Delhi
B-25852,07/11/18,Soumyabrata,Andhra Pradesh,Hyderabad
B-25981,28/01/18,Amruta,Delhi,Delhi
B-25899,08/12/18,Aishwarya,Uttar Pradesh,Prayagraj
B-25870,20/11/18,Pranav,Andhra Pradesh,Hyderabad
B-26040,26/02/18,Sahil,Punjab,Chandigarh
B-25671,27/05/18,Mitali,Nagaland,Kohima
B-26100,31/03/18,Hitika,Madhya Pradesh,Indore
B-25651,07/05/18,Anurag,Madhya Pradesh,Indore
B-25968,21/01/18,Paromita,Punjab,Amritsar
B-26019,15/02/18,Jitesh,Uttar Pradesh,Lucknow
B-25664,20/05/18,Pratyusmita,Bihar,Patna
B-26033,22/02/18,Atharv,West Bengal,Kolkata
B-26052,08/03/18,Ajay,Karnataka,Bangalore
B-25999,05/02/18,Diwakar,Delhi,Delhi
B-25781,14/09/18,Rutuja,Gujarat,Ahmedabad
B-25764,28/08/18,Sanjova,Maharashtra,Pune
B-25803,05/10/18,Shivanshu,Madhya Pradesh,Indore
B-25945,11/01/18,Mhatre,Madhya Pradesh,Indore
B-26086,26/03/18,Mukesh,Haryana,Chandigarh
B-25845,03/11/18,Snel,Kerala ,Thiruvananthapuram
B-25817,13/10/18,Praneet,Maharashtra,Mumbai
B-25951,13/01/18,Jesal,West Bengal,Kolkata
B-25970,22/01/18,Rhea,Maharashtra,Mumbai
B-25878,24/11/18,Mrinal,Maharashtra,Mumbai
B-26057,10/03/18,Sharda,Kerala ,Thiruvananthapuram
B-25885,28/11/18,Shatayu,Madhya Pradesh,Indore
B-25897,06/12/18,Rohan,Madhya Pradesh,Indore
B-25756,20/08/18,Mohan,Maharashtra,Mumbai
B-25859,14/11/18,Chikku,Madhya Pradesh,Indore
B-25691,16/06/18,Akancha,Maharashtra,Mumbai
B-25633,26/04/18,Amit,Sikkim,Gangtok
B-25708,01/07/18,Kishwar,Madhya Pradesh,Indore
B-25831,27/10/18,Mahima,Sikkim,Gangtok
B-25856,10/11/18,Abhijeet,Maharashtra,Mumbai
B-25893,04/12/18,Vrinda,Uttar Pradesh,Mathura
B-25959,18/01/18,Muskan,Madhya Pradesh,Indore
B-26000,06/02/18,Shubham,Delhi,Delhi
B-26097,28/03/18,Vini,Karnataka,Bangalore
B-25745,09/08/18,Kartik,Gujarat,Ahmedabad
B-25974,25/01/18,Manisha,Rajasthan,Udaipur
B-25670,25/05/18,Charika,Goa,Goa
B-25848,03/11/18,Rohan,Himachal Pradesh,Simla
B-25888,02/12/18,Rohan,Punjab,Amritsar
B-25942,08/01/18,Ankur,Andhra Pradesh,Hyderabad
B-25847,03/11/18,Aniket,Haryana,Chandigarh
B-25636,26/04/18,Nishi,Maharashtra,Mumbai
B-25826,22/10/18,Tanushree,Maharashtra,Mumbai
B-26081,22/03/18,Aarushi,Tamil Nadu,Chennai
B-25625,23/04/18,Pinky,Jammu and Kashmir,Kashmir
B-25802,05/10/18,Yash,Maharashtra,Mumbai
B-25693,18/06/18,Parna,Madhya Pradesh,Bhopal
B-25796,24/09/18,Sukrith,Maharashtra,Mumbai
B-25806,06/10/18,Dhanraj,Madhya Pradesh,Indore
B-25710,05/07/18,Megha,Maharashtra,Pune
B-25669,25/05/18,Piyali,Sikkim,Gangtok
B-25857,10/11/18,Anand,Madhya Pradesh,Indore
B-25785,15/09/18,Ayush,West Bengal,Kolkata
B-25930,03/01/18,Monica,Punjab,Chandigarh
B-26053,09/03/18,Kirti,Jammu and Kashmir,Kashmir
B-26070,18/03/18,Shruti,Karnataka,Bangalore
B-25791,24/09/18,Avish,Kerala ,Thiruvananthapuram
B-25983,30/01/18,Atul,Delhi,Delhi
B-25979,27/01/18,Shivangi,Madhya Pradesh,Indore
B-26054,10/03/18,Mayank,Maharashtra,Mumbai
B-26078,22/03/18,Kasheen,West Bengal,Kolkata
B-25787,20/09/18,Asish,Jammu and Kashmir,Kashmir
B-25682,07/06/18,Krutika,Bihar,Patna
B-25962,19/01/18,Tejeswini,Maharashtra,Pune
B-25750,14/08/18,Priyanshu,Madhya Pradesh,Indore
B-25828,24/10/18,Nikita,Punjab,Chandigarh
B-25622,22/04/18,Monisha,Rajasthan,Jaipur
B-25751,14/08/18,Nishant,Maharashtra,Mumbai
B-25685,10/06/18,Sheetal,Madhya Pradesh,Indore
B-26010,11/02/18,Kartikay,Bihar,Patna
B-26035,23/02/18,Pinky,Jammu and Kashmir,Kashmir
B-25698,23/06/18,Amisha,Tamil Nadu,Chennai
B-25966,21/01/18,Soumya,Rajasthan,Udaipur
B-25832,28/10/18,Harshita,Maharashtra,Mumbai
B-25743,07/08/18,Aman,Nagaland,Kohima
B-25886,28/11/18,Brijesh,Rajasthan,Udaipur
B-25975,25/01/18,Priyanka,Uttar Pradesh,Prayagraj
B-26098,29/03/18,Pinky,Jammu and Kashmir,Kashmir
B-25614,13/04/18,Vandana,Himachal Pradesh,Simla
B-25726,21/07/18,Kiran,Maharashtra,Mumbai
B-26050,06/03/18,Paridhi,Rajasthan,Jaipur
B-25609,09/04/18,Jitesh,Uttar Pradesh,Lucknow
B-25741,03/08/18,Navdeep,Madhya Pradesh,Indore
B-25956,17/01/18,Shreya,Maharashtra,Mumbai
B-25689,14/06/18,Bhaggyasree,Maharashtra,Mumbai
B-25939,05/01/18,Vineet,Sikkim,Gangtok
B-25890,04/12/18,Divyansha,Maharashtra,Mumbai
B-25814,10/10/18,Swapnil,Madhya Pradesh,Indore
B-25718,12/07/18,Anjali,Maharashtra,Mumbai
B-25914,18/12/18,Kajal,Delhi,Delhi
B-25903,10/12/18,Amlan,Madhya Pradesh,Indore
B-26096,28/03/18,Atharv,West Bengal,Kolkata
B-25654,10/05/18,Sabah,Maharashtra,Mumbai
B-26076,21/03/18,Jahan,Madhya Pradesh,Bhopal
B-25961,18/01/18,Surbhi,Gujarat,Ahmedabad
B-25854,08/11/18,Shubham,Maharashtra,Pune
B-25642,28/04/18,Ajay,Karnataka,Bangalore
B-25683,08/06/18,Shreya,Kerala ,Thiruvananthapuram
B-26016,14/02/18,Hazel,Karnataka,Bangalore
B-26034,23/02/18,Vini,Karnataka,Bangalore
B-26056,10/03/18,Sonal,Bihar,Patna
B-25819,15/10/18,Ankur,Madhya Pradesh,Bhopal
B-25715,10/07/18,Srishti,Jammu and Kashmir,Kashmir
B-25933,04/01/18,Shikhar,Maharashtra,Mumbai
B-26014,13/02/18,Divsha,Rajasthan,Jaipur
B-25655,11/05/18,Nida,Madhya Pradesh,Indore
B-25816,12/10/18,Mane,Andhra Pradesh,Hyderabad
B-25634,26/04/18,Sanjay,Goa,Goa
B-25895,04/12/18,Sathya,Gujarat,Surat
B-25687,11/06/18,Sanjna,Maharashtra,Mumbai
B-25662,17/05/18,Sweta,Maharashtra,Mumbai
B-25635,26/04/18,Nidhi,Nagaland,Kohima
B-26060,13/03/18,Chirag,Maharashtra,Mumbai
B-26045,03/03/18,Nidhi,Nagaland,Kohima
B-25770,02/09/18,Sakshi,Madhya Pradesh,Indore
B-25744,08/08/18,Devendra,Andhra Pradesh,Hyderabad
B-25618,18/04/18,Manju,Andhra Pradesh,Hyderabad
B-25958,18/01/18,Aparajita,West Bengal,Kolkata
B-25769,02/09/18,Surbhi,Maharashtra,Mumbai
B-25619,18/04/18,Ramesh,Gujarat,Ahmedabad
B-25688,11/06/18,Swetha,Madhya Pradesh,Indore
B-25829,25/10/18,Apoorva,Haryana,Chandigarh
B-26036,23/02/18,Bhishm,Maharashtra,Mumbai
B-25714,09/07/18,Stuti,Karnataka,Bangalore
B-25989,01/02/18,Anjali,Delhi,Delhi
B-25849,04/11/18,K,Sikkim,Gangtok
B-25851,06/11/18,Kushal,Nagaland,Kohima
B-25782,15/09/18,Aayushi,Maharashtra,Mumbai
B-25621,20/04/18,Deepak,Madhya Pradesh,Bhopal
B-25996,04/02/18,Prashant,Delhi,Delhi
B-25678,03/06/18,Bathina,Karnataka,Bangalore
B-25727,22/07/18,Turumella,Madhya Pradesh,Indore
B-26018,14/02/18,Aarushi,Tamil Nadu,Chennai
B-25760,24/08/18,Pooja,Goa,Goa
B-25804,05/10/18,Sudheer,Karnataka,Bangalore
B-25754,18/08/18,Akshay,Bihar,Patna
B-26020,16/02/18,Yogesh,Bihar,Patna
B-25640,27/04/18,Paridhi,Rajasthan,Jaipur
B-25789,22/09/18,Akshay,Uttar Pradesh,Lucknow
B-26072,20/03/18,Sweta,Maharashtra,Mumbai
B-26007,09/02/18,Shubham,Jammu and Kashmir,Kashmir
B-26087,26/03/18,Vandana,Himachal Pradesh,Simla
B-25617,17/04/18,Sagar,Nagaland,Kohima
B-25984,30/01/18,Kajal,Delhi,Delhi
B-25767,31/08/18,Ashmeet,West Bengal,Kolkata
B-25987,31/01/18,Manjiri,Delhi,Delhi
B-25840,31/10/18,Sneha,Karnataka,Bangalore
B-25663,19/05/18,Pournamasi,Madhya Pradesh,Indore
B-26030,21/02/18,Sarita,Maharashtra,Pune
B-25947,13/01/18,Chetan,Gujarat,Ahmedabad
B-25896,05/12/18,Aman,Maharashtra,Mumbai
B-26009,10/02/18,Komal,Uttar Pradesh,Lucknow
B-25876,24/11/18,Bhosale,Punjab,Amritsar
B-25915,19/12/18,Sukruta,Punjab,Amritsar
B-25795,24/09/18,Sukant,Sikkim,Gangtok
B-26002,08/02/18,Harsh,Delhi,Delhi
B-25645,01/05/18,Yaanvi,Madhya Pradesh,Indore
B-25837,29/10/18,Palak,Maharashtra,Mumbai
B-25612,12/04/18,Shrichand,Punjab,Chandigarh
B-25812,10/10/18,Kshitij,Madhya Pradesh,Indore
B-25843,03/11/18,Mrunal,Maharashtra,Mumbai
B-26026,19/02/18,Kanak,Goa,Goa
B-25773,06/09/18,Shreya,Kerala ,Thiruvananthapuram
B-25875,24/11/18,Divyeshkumar,Uttar Pradesh,Prayagraj
B-25660,16/05/18,Shruti,Karnataka,Bangalore
B-25918,22/12/18,Karandeep,Madhya Pradesh,Indore
B-25971,22/01/18,Mitali,Madhya Pradesh,Indore
B-26063,15/03/18,Farah,Nagaland,Kohima
B-25867,17/11/18,Ankit,Sikkim,Gangtok
B-25703,28/06/18,Ekta,Madhya Pradesh,Indore
B-25661,17/05/18,Subhashree,Jammu and Kashmir,Kashmir
B-25748,12/08/18,Nitant,Rajasthan,Jaipur
B-25766,30/08/18,Surabhi,Rajasthan,Jaipur
B-25861,15/11/18,Aayush,Uttar Pradesh,Lucknow
B-26058,11/03/18,Aditya,Punjab,Chandigarh
B-25808,08/10/18,Apsingekar,Bihar,Patna
B-25900,09/12/18,Anand,Punjab,Amritsar
B-26084,25/03/18,Anita,Kerala ,Thiruvananthapuram
B-25652,08/05/18,Tushina,Goa,Goa
B-26008,09/02/18,Kalyani,Tamil Nadu,Chennai
B-25799,01/10/18,Divyansh,Gujarat,Ahmedabad
B-25927,31/12/18,Shreya,Uttar Pradesh,Lucknow
B-25985,31/01/18,Ginny,Madhya Pradesh,Indore
B-25994,03/02/18,Omkar,Delhi,Delhi
B-25620,20/04/18,Sarita,Maharashtra,Pune
B-25712,07/07/18,Adhvaita,Rajasthan,Jaipur
B-25976,25/01/18,Piyam,Punjab,Amritsar
B-26068,16/03/18,Shefali,Rajasthan,Jaipur
B-25721,16/07/18,Anchal,Haryana,Chandigarh
B-25863,15/11/18,Manibalan,Kerala ,Thiruvananthapuram
B-25991,03/02/18,Mansi,Madhya Pradesh,Indore
B-25737,01/08/18,Shubham,Madhya Pradesh,Indore
B-26043,01/03/18,Amit,Sikkim,Gangtok
B-25977,27/01/18,Aayushi,Gujarat,Surat
B-25908,12/12/18,Pradeep,Delhi,Delhi
B-25941,07/01/18,Jaideep,Nagaland,Kohima
B-25794,24/09/18,Aditya,Himachal Pradesh,Simla
B-26041,27/02/18,Ritu,Haryana,Chandigarh
B-25695,18/06/18,Suhani,West Bengal,Kolkata
B-25960,18/01/18,Shreya,Andhra Pradesh,Hyderabad
B-26037,23/02/18,Hitika,Madhya Pradesh,Indore
B-25921,25/12/18,Sandra,Punjab,Amritsar
B-25944,10/01/18,Syed,Maharashtra,Pune
B-25724,19/07/18,Sheetal,Madhya Pradesh,Indore
B-26024,19/02/18,Vandana,Himachal Pradesh,Simla
B-25694,18/06/18,Subhasmita,Rajasthan,Jaipur
B-25665,21/05/18,Chayanika,Kerala ,Thiruvananthapuram
B-26004,08/02/18,Nandita,Rajasthan,Jaipur
B-25611,11/04/18,Anita,Kerala ,Thiruvananthapuram
B-25901,10/12/18,Suraj,Gujarat,Surat
B-25623,22/04/18,Atharv,West Bengal,Kolkata
B-25713,08/07/18,Raksha,West Bengal,Kolkata
B-26091,27/03/18,Manju,Andhra Pradesh,Hyderabad
B-25604,03/04/18,Divsha,Rajasthan,Jaipur
B-25827,23/10/18,Sheetal,Madhya Pradesh,Indore
B-25835,29/10/18,Moumita,Gujarat,Ahmedabad
B-26025,19/02/18,Bhavna,Sikkim,Gangtok
B-25809,09/10/18,Suman,Kerala ,Thiruvananthapuram
B-25905,11/12/18,Bhargav,Delhi,Delhi
B-25948,13/01/18,Mukund,Maharashtra,Pune
B-26094,27/03/18,Deepak,Madhya Pradesh,Bhopal
B-25949,13/01/18,Shantanu,Maharashtra,Mumbai
B-26001,07/02/18,Patil,Delhi,Delhi
B-25771,02/09/18,Vaibhavi,Uttar Pradesh,Lucknow
B-25659,15/05/18,Sanskriti,West Bengal,Kolkata
B-25924,28/12/18,Prajakta,Karnataka,Bangalore
B-25883,27/11/18,Saptadeep,Gujarat,Surat
B-25946,12/01/18,Saurabh,Andhra Pradesh,Hyderabad
B-26065,16/03/18,Nida,Madhya Pradesh,Indore
B-26083,24/03/18,Yogesh,Bihar,Patna
B-25725,20/07/18,Anisha,Nagaland,Kohima
B-25630,24/04/18,Sahil,Punjab,Chandigarh
B-25673,28/05/18,Arsheen,Gujarat,Ahmedabad
B-25692,17/06/18,Rashmi,Madhya Pradesh,Indore
B-25992,03/02/18,Gaurav,Rajasthan,Udaipur
B-25765,29/08/18,Meghana,Madhya Pradesh,Bhopal
B-25892,04/12/18,Aditi,Rajasthan,Udaipur
B-26089,26/03/18,Kanak,Goa,Goa
B-25780,13/09/18,Teena,Andhra Pradesh,Hyderabad
B-25684,09/06/18,Samiksha,Maharashtra,Mumbai
B-25739,03/08/18,Daksh,Haryana,Chandigarh
B-25731,26/07/18,Akash,West Bengal,Kolkata
B-25648,04/05/18,Aditya,Punjab,Chandigarh
B-26038,24/02/18,Pooja,Bihar,Patna
B-25700,25/06/18,Shubhi,Maharashtra,Mumbai
B-26015,14/02/18,Kasheen,West Bengal,Kolkata
B-25704,29/06/18,Riya,Maharashtra,Mumbai
B-25811,10/10/18,Utsav,Maharashtra,Mumbai
B-25821,16/10/18,Ajay,West Bengal,Kolkata
B-25874,24/11/18,Megha,Rajasthan,Udaipur
B-25668,24/05/18,Rhea,Himachal Pradesh,Simla
B-25800,01/10/18,Ishit,Maharashtra,Pune
B-25928,01/01/18,Smriti,Bihar,Patna
B-26021,17/02/18,Anita,Kerala ,Thiruvananthapuram
B-26064,16/03/18,Ankita,Maharashtra,Mumbai
B-25882,26/11/18,Masurkar,Punjab,Amritsar
B-25891,04/12/18,Shivani,Madhya Pradesh,Indore
B-25820,16/10/18,Dheeraj,Rajasthan,Jaipur
B-25889,03/12/18,Abhishek,Gujarat,Surat
B-25871,21/11/18,Gunjal,Gujarat,Surat
B-25637,26/04/18,Ashmi,Madhya Pradesh,Indore
B-25616,15/04/18,Kanak,Goa,Goa
B-25972,23/01/18,Jesslyn,Rajasthan,Udaipur
B-25805,05/10/18,Ankit,Maharashtra,Mumbai
B-25860,15/11/18,Akshay,Tamil Nadu,Chennai
B-26080,22/03/18,Sonakshi,Jammu and Kashmir,Kashmir
B-25807,07/10/18,Vipul,Uttar Pradesh,Lucknow
B-25734,29/07/18,Pranav,Madhya Pradesh,Indore
B-25880,24/11/18,Apoorv,Rajasthan,Udaipur
B-25934,04/01/18,Rahul,Madhya Pradesh,Indore
B-25913,17/12/18,Geetanjali,Delhi,Delhi
B-25912,16/12/18,Preksha,Delhi,Delhi
B-25824,20/10/18,Shyam,Madhya Pradesh,Indore
B-25711,06/07/18,Sakshi,Madhya Pradesh,Bhopal
B-25864,15/11/18,Aromal,Maharashtra,Mumbai
B-25917,21/12/18,Sanjay,Maharashtra,Mumbai
B-26049,05/03/18,Lisha,Madhya Pradesh,Bhopal
B-25920,24/12/18,Jayanti,Uttar Pradesh,Prayagraj
B-25699,24/06/18,Kritika,Uttar Pradesh,Lucknow
B-25735,30/07/18,Arindam,Uttar Pradesh,Lucknow
B-25701,26/06/18,Maithilee,Madhya Pradesh,Indore
B-26092,27/03/18,Ramesh,Gujarat,Ahmedabad
B-26082,23/03/18,Jitesh,Uttar Pradesh,Lucknow
B-25818,14/10/18,Sandeep,Madhya Pradesh,Indore
B-25846,03/11/18,Soodesh,Punjab,Chandigarh
B-26011,12/02/18,Bharat,Gujarat,Ahmedabad
B-25631,24/04/18,Ritu,Haryana,Chandigarh
B-25606,06/04/18,Hazel,Karnataka,Bangalore
B-25746,10/08/18,Shivam,Maharashtra,Pune
B-26005,08/02/18,Parnavi,West Bengal,Kolkata
B-25844,03/11/18,Swati,Madhya Pradesh,Indore
B-25869,19/11/18,Parakh,Nagaland,Kohima
B-26066,16/03/18,Priyanka,Maharashtra,Pune
B-25865,15/11/18,Arun,Madhya Pradesh,Indore
B-26039,25/02/18,Hemant,Kerala ,Thiruvananthapuram
B-25916,20/12/18,Utkarsh,Gujarat,Surat
B-26090,27/03/18,Sagar,Nagaland,Kohima
B-25988,31/01/18,Nirja,Delhi,Delhi
B-25906,11/12/18,Abhijit,Delhi,Delhi
B-26017,14/02/18,Sonakshi,Jammu and Kashmir,Kashmir
B-25644,30/04/18,Mayank,Maharashtra,Mumbai
B-25679,04/06/18,Avni,Maharashtra,Mumbai
B-25723,18/07/18,Wale,Maharashtra,Mumbai
B-25605,05/04/18,Kasheen,West Bengal,Kolkata
B-25792,24/09/18,Abhishek,Maharashtra,Mumbai
B-25680,04/06/18,Aayushi,Madhya Pradesh,Indore
B-25931,04/01/18,Sidharth,Maharashtra,Mumbai
B-25932,04/01/18,Bhutekar,Madhya Pradesh,Indore
B-25990,02/02/18,Mugdha,Delhi,Delhi
B-25615,15/04/18,Bhavna,Sikkim,Gangtok
B-26031,22/02/18,Deepak,Madhya Pradesh,Bhopal
B-25801,01/10/18,Aryan,Madhya Pradesh,Bhopal
B-25833,29/10/18,Krishna,Madhya Pradesh,Indore
B-26077,22/03/18,Divsha,Rajasthan,Jaipur
B-25936,05/01/18,Nikhil,Punjab,Chandigarh
B-25938,05/01/18,Shikhar,Himachal Pradesh,Simla
B-25716,11/07/18,Surabhi,Tamil Nadu,Chennai
B-25740,03/08/18,Rane,Maharashtra,Mumbai
B-25763,27/08/18,Noshiba,Gujarat,Ahmedabad
B-25872,22/11/18,Saurabh,Maharashtra,Mumbai
B-25879,24/11/18,Siddharth,Madhya Pradesh,Indore
B-25926,30/12/18,Dipali,Madhya Pradesh,Indore
B-26074,21/03/18,Bharat,Gujarat,Ahmedabad
B-25627,23/04/18,Hitika,Madhya Pradesh,Indore
B-25940,06/01/18,Vivek,Goa,Goa
B-26047,04/03/18,Ashmi,Madhya Pradesh,Indore
B-26069,17/03/18,Sanskriti,West Bengal,Kolkata
B-26027,20/02/18,Sagar,Nagaland,Kohima
B-25963,19/01/18,Pratiksha,Maharashtra,Mumbai
B-25922,26/12/18,Akshata,Gujarat,Surat
B-25866,16/11/18,Komal,Himachal Pradesh,Simla
B-25607,06/04/18,Sonakshi,Jammu and Kashmir,Kashmir
B-25775,08/09/18,Duhita,Haryana,Chandigarh
B-25998,04/02/18,Anmol,Rajasthan,Udaipur
B-26062,15/03/18,Tushina,Goa,Goa
B-25722,17/07/18,Inderpreet,Himachal Pradesh,Simla
B-25776,09/09/18,Mousam,Maharashtra,Mumbai
B-26032,22/02/18,Monisha,Rajasthan,Jaipur
B-25705,30/06/18,Shweta,Madhya Pradesh,Indore
B-25628,24/04/18,Pooja,Bihar,Patna
B-25733,28/07/18,Dhirajendu,Maharashtra,Mumbai
B-25647,03/05/18,Sharda,Kerala ,Thiruvananthapuram
B-25790,23/09/18,Sajal,Bihar,Patna
B-25709,01/07/18,Aakanksha,Madhya Pradesh,Indore
B-25911,15/12/18,Phalguni,Madhya Pradesh,Bhopal
B-25774,07/09/18,Snehal,Punjab,Chandigarh
B-26042,28/02/18,Manish,Himachal Pradesh,Simla
B-25815,10/10/18,Harsh,Nagaland,Kohima
B-25822,18/10/18,Tejas,Karnataka,Bangalore
B-26075,21/03/18,Pearl,Maharashtra,Pune
B-25783,15/09/18,Shivangi,Madhya Pradesh,Indore
B-26046,04/03/18,Nishi,Maharashtra,Mumbai
B-25690,15/06/18,Gunjan,Madhya Pradesh,Indore
B-25706,01/07/18,Swetlana,Goa,Goa
B-25736,31/07/18,Akshat,Maharashtra,Mumbai
B-25720,15/07/18,Namrata,Punjab,Chandigarh
B-25907,11/12/18,Jaydeep,Madhya Pradesh,Bhopal
B-25719,12/07/18,Rashmi,Madhya Pradesh,Indore
B-26013,13/02/18,Jahan,Madhya Pradesh,Bhopal
B-26044,02/03/18,Sanjay,Goa,Goa
B-25649,05/05/18,Rachna,Haryana,Chandigarh
B-25658,14/05/18,Shefali,Rajasthan,Jaipur
B-25672,28/05/18,Akanksha,Andhra Pradesh,Hyderabad
B-25624,22/04/18,Vini,Karnataka,Bangalore
B-25884,28/11/18,Sumeet,Maharashtra,Mumbai
B-25641,27/04/18,Parishi,West Bengal,Kolkata
B-25841,01/11/18,Ashvini,Maharashtra,Mumbai
B-25980,27/01/18,Shweta,Rajasthan,Udaipur
B-26012,13/02/18,Pearl,Maharashtra,Pune
B-26029,20/02/18,Ramesh,Gujarat,Ahmedabad
B-26071,19/03/18,Subhashree,Jammu and Kashmir,Kashmir
B-25646,01/05/18,Sonal,Bihar,Patna
B-25677,02/06/18,Ekta,West Bengal,Kolkata
B-25759,23/08/18,Soumya,Sikkim,Gangtok
B-26059,12/03/18,Rachna,Haryana,Chandigarh
B-25632,25/04/18,Manish,Himachal Pradesh,Simla
B-26079,22/03/18,Hazel,Karnataka,Bangalore
B-25674,28/05/18,Mahima,Maharashtra,Pune
B-25965,21/01/18,Saloni,West Bengal,Kolkata
B-25732,27/07/18,Anubhaw,Karnataka,Bangalore
B-25834,29/10/18,Ananya,Andhra Pradesh,Hyderabad
B-25784,15/09/18,Rohit,Rajasthan,Jaipur
B-25982,29/01/18,Hemangi,Delhi,Delhi
B-25788,21/09/18,Dinesh,Tamil Nadu,Chennai
B-25742,03/08/18,Ashwin,Goa,Goa
B-26088,26/03/18,Bhavna,Sikkim,Gangtok
B-25707,01/07/18,Shivani,Maharashtra,Mumbai
B-25758,22/08/18,Shubham,Himachal Pradesh,Simla
B-26095,28/03/18,Monisha,Rajasthan,Jaipur
